{
  "data_source": "OpenML mirror (data_id=1597)",
  "metrics": {
    "baseline_uncalibrated": {
      "auc_roc": 0.9704325053114549,
      "auc_pr": 0.8089062234139601,
      "brier": 0.0005062973294349972,
      "ece": 0.00029508243461741666,
      "top_decile_ce": 0.0008402266808566761
    },
    "platt_scaling": {
      "auc_roc": 0.9716158388296263,
      "auc_pr": 0.8064822415669908,
      "brier": 0.000530505927972905,
      "ece": 0.0001556922424147095,
      "top_decile_ce": 0.0024612000409917206
    },
    "isotonic_regression": {
      "auc_roc": 0.9695505503158355,
      "auc_pr": 0.8051447203147151,
      "brier": 0.0005039644484499908,
      "ece": 0.00014807867677020775,
      "top_decile_ce": 0.00012037544288288037
    },
    "undersampled_raw": {
      "auc_roc": 0.9701249875234282,
      "auc_pr": 0.6424649417047972,
      "brier": 0.0046148990467392275,
      "ece": 0.030495234522838203,
      "top_decile_ce": 0.15864926136172774
    },
    "undersampled_corrected": {
      "auc_roc": 0.9701249875234282,
      "auc_pr": 0.6424649417047972,
      "brier": 0.0009491772722733538,
      "ece": 0.000745077611535663,
      "top_decile_ce": 0.004080753789127884
    },
    "mlp_cross_entropy_only": {
      "auc_roc": 0.9704955219009386,
      "auc_pr": 0.6866467393423185,
      "brier": 0.002132904250174761,
      "ece": 0.01151792076910353,
      "top_decile_ce": 0.07319610201611443
    },
    "mlp_with_soft_ece_loss": {
      "auc_roc": 0.9688487728598519,
      "auc_pr": 0.6900913234625348,
      "brier": 0.002017209306359291,
      "ece": 0.011185502639572725,
      "top_decile_ce": 0.07089600470974265
    }
  }
}