,auc_roc,auc_pr,log_loss,brier,ece,ace,top_1pct_ce
Baseline,0.97043,0.80891,0.00333,0.00051,0.0003,0.00025,0.0036
Platt,0.97162,0.80648,0.00356,0.00053,0.00016,0.00048,0.01609
Isotonic,0.96955,0.80514,0.00321,0.0005,0.00015,0.00019,0.00411
Undersampled raw,0.97012,0.64246,0.03898,0.00461,0.0305,0.0305,0.38708
Undersampled corrected,0.97012,0.64246,0.0078,0.00095,0.00075,0.0005,0.04041
MLP BCE,0.9705,0.68665,0.00486,0.0007,0.00043,0.0001,0.0052
MLP BCE + soft-ECE,0.96885,0.69009,0.00485,0.00069,0.0005,0.00015,0.00139
